x,y,label,filename
1.9886922,12.813039,anger,-win-holding-his-fists-shout-wow-mature-hispanic-man-happy-his-win-122652456.jpg
3.7666962,10.7551155,anger,g2818sb7780bmkdapg.jpg
1.7715788,12.44466,anger,g3ry3pkr1npzzhoetl.jpg
3.5270946,10.747727,anger,g417hk78zy2bj09kk9.jpg
3.3930194,6.51814,anger,g42xe2t4ugw8a2pq4w.jpg
3.3075743,11.007042,anger,g43dpf7iroibvwtjit.jpg
4.7496376,11.089628,anger,g5bu83q50sftz7rx9n.jpg
3.0713406,10.084169,anger,g5covv2gzr1gujhlty.jpg
6.0278583,9.074163,anger,g60siq9z3hzyu7zb3o.jpg
2.7209644,11.427989,anger,g6ic2rihk9g63m51h7.jpg
3.4004242,6.535896,anger,g6xgrntszdu0qzwpji.jpg
1.944333,11.762539,anger,g6ymj0uy9mhncoyrxd.jpg
0.4757464,10.225038,anger,g7re4c8l05kbqqh5mg.jpg
2.9773266,7.4265456,anger,g7upq9trwmhf1oetgg.jpg
2.756104,9.471063,anger,g8a4mw16bnr9o25oqd.jpg
3.3184128,6.944471,anger,g913ioe8wwg2ej06h0.jpg
1.9371238,10.590878,anger,ga228xx0ev5bzcwwik.jpg
3.6606297,6.575793,anger,gafygi86x8rogi4mfb.jpg
5.6668544,9.06528,anger,gam6lrnz3xeebdpanc.jpg
1.4060142,7.343502,anger,ganhrce2edip06w7an.jpg
3.3987014,8.65477,anger,GBP-scam.jpg
0.7928674,10.552414,anger,gcam29n1t0ckssuqpm.jpg
2.078248,12.650003,anger,gdli6adbasjcw7uvim.jpg
2.5929463,10.173801,anger,gdpakpqk2iqf7adgjc.jpg
5.2379932,11.36644,anger,gdshj2cuvgptj37mwa.jpg
3.0728517,7.3678737,anger,ge1jkzh3eo6k6dkb2v.jpg
2.7776499,7.6626616,anger,ge8kba3a8j6mwya7jg.jpg
1.1408874,10.705153,anger,gf1hzzo5a6sefs7cjo.jpg
0.055830605,11.122961,anger,gfipqz0mtdm536zrbn.jpg
3.5958612,6.6589184,anger,gfv420vao1ad716x4t.jpg
1.6885753,8.701009,anger,gfyoe3zypsw0svkvot.jpg
3.8943136,6.819589,anger,gg8x0zudzwpy7arvmb.jpg
3.3538682,9.103464,anger,ggg4mn1vohwywall9e.jpg
0.9589961,9.895824,anger,ggm3qscae2y4hpt68k.jpg
2.1720378,10.559873,anger,ghcgu2wf4hd7pfalxs.jpg
2.799234,9.467281,anger,gi0gp6m7tkndd6f112.jpg
-0.6562092,6.1394544,anger,gi5wrkave87z9bp2r1.jpg
5.953087,9.008013,anger,gijjv6lo56o1tu38j2.jpg
5.74112,8.882424,anger,gjd2m0twkxuuko294r.jpg
2.8496857,9.400179,anger,gl84brtlxrnpromxrz.jpg
3.5014892,10.903511,anger,glwcwbl2po7a150gp4.jpg
2.3844833,9.477799,anger,gm2x2u5jwf4mkibodr.jpg
4.9825854,10.826791,anger,gm73cvq8lp8dvwxm1s.jpg
3.3827674,6.4848275,anger,gmd4i3btmyzwsbx2vd.jpg
3.1949127,6.5464005,anger,gmpjvx38elyg0cye0d.jpg
3.0396078,7.155893,anger,gn70ulrpfpexrcnzzl.jpg
1.0041206,9.480277,anger,godupdates-lady-got-rude-with-a-Starbucks-barista-apology-letter-fb.jpg
-0.5472217,5.9900804,anger,goek32jzdjjkle60cz.jpg
3.3897355,7.11522,anger,gog1i3qqqj2cm5jiuc.jpg
2.7772574,7.6273084,anger,gooprha47vibt86u4g.jpg
2.707431,8.658844,anger,gr0n9z2if2cr0v5rch.jpg
0.42489406,10.704294,anger,gr551abrbhj0c3v7ix.jpg
3.5416934,6.92174,anger,gr58mgnatvb8u7gkac.jpg
3.3342204,6.524753,anger,grdh6brx51v3xinvrb.jpg
3.9666588,7.4473653,anger,grumpy-senior-man.jpg
3.1535277,10.000206,anger,gs2trkwi7hos146z4w.jpg
2.1132593,9.493681,anger,gs84txnh5el02zkbp9.jpg
3.743608,7.206076,anger,gsdbbh55557mi0cas4.jpg
2.4558082,8.072165,anger,gssths0kyu8ulve7sg.jpg
3.4215832,6.536802,anger,gthmpih8udn51ec8eo.jpg
0.29837114,9.558749,anger,gtsc9876oqghvxobog.jpg
3.399775,9.708606,anger,gulvd21k2i0kiyrip0.jpg
3.9895852,10.900338,anger,gv232bwvvkb8m27mh1.jpg
2.8089547,7.333247,anger,gvwj848i437jakzshe.jpg
3.4917457,6.6019006,anger,gvyytfxue60fydudwm.jpg
3.705169,7.466362,anger,gx4r2iqnh7lqcr25mt.jpg
0.1677899,6.1883807,anger,gxlipu9pvronlao3ix.jpg
1.9898721,12.740608,anger,gxwahc5ypbvqdwarhb.jpg
0.5146403,10.777988,anger,gy4912de6dob9glhta.jpg
0.67014956,6.679408,anger,gy4k44w23t7we14vod.jpg
3.2803056,7.126653,anger,gya78toe8acx9f1oqb.jpg
3.1548347,6.8224635,anger,gyi3tunx4pd4uep74y.jpg
2.8132591,11.126169,anger,gykfnh4c1zev1lb4ny.jpg
4.568556,11.070968,anger,gys98nlu9hsyek632k.jpg
4.522575,11.105108,anger,gyxnznvc0hjr3l6tt6.jpg
5.950516,9.363457,anger,gzsdb03ebj7ayt53k7.jpg
2.468886,11.003431,anger,h0g9s7ftd31xd88pir.jpg
6.206011,8.825232,anger,h0uyuvx12plrieli3j.jpg
5.021689,11.3903675,anger,h0x3ec6zrclylb6cbh.jpg
-0.3976772,6.081518,anger,h3myzm0wa22g62u7qx.jpg
3.4293947,6.631183,anger,h4ckioma3zs4rutbyp.jpg
1.4338299,9.777991,anger,h4vzq9y5zc6u81cc3w.jpg
1.0657623,9.901592,anger,h6mrzcotjb74dlqb9e.jpg
1.3619951,7.1675158,anger,hate-job.jpg
3.8857224,10.529708,anger,health-effects-road-rage.jpg
2.618444,10.673314,anger,I-hate-my-job.jpeg
3.4973638,6.8230433,anger,i-warned-you-that-would-happen.jpg
2.2742026,12.8411255,anger,ing-closeup-portrait-stunned-hands-air-yelling-gray-wall-background-56024080.jpg
2.836616,10.2145605,anger,internal-1.jpg
2.6878269,8.057302,anger,ion-hack-business-computer-malware-ransomware-cyber-extortion-hack-232720009.jpg
1.5308049,8.455875,anger,iStock-1136561750-768x512.jpg
3.0981545,9.019716,anger,iStock_000040016530_Large.jpg
1.2851108,7.765814,anger,iStock_1054346638.jpg
2.6775427,9.135399,anger,ive-had-it.jpg
0.53224,8.284149,anger,laflor.jpg
6.317625,8.999807,anger,Learn-How-to-Protect-Yourself-from-Aggressive-Drivers-on-the-Road-1024x683.jpg
3.2280614,8.07326,anger,little-child-boy-looking-at-the-camera-posing-at-a-playground.jpg
0.23063193,10.6578865,anger,mad-male-employee-blaming-female-colleague-for-mistake.jpg
3.824996,8.418315,anger,mad-young-woman-worker-losing-job-result-on-broken-pc.jpg
4.0264525,9.05317,anger,mature-mom-listens-with-displeased-look-on-her-face.jpg
3.5591302,7.0715957,anger,maxresdefault.jpg
3.2767646,6.7822895,anger,maxresdefault2.jpg
3.9951832,10.9006405,anger,maxresdefault3.jpg
3.4754276,11.768753,anger,men-feeling-angry-when-playing-a-video-game-in-the-living-room.jpg
3.3274825,11.159361,anger,millennial-businessman-rejecting-giving-interview-to-journalist.jpg
5.996996,8.851346,anger,moaning-child.jpg
4.3865886,9.048057,anger,mother-furious-ex-husband-new-wife.jpg
-0.6999786,6.278372,anger,mother-scolding-daughter.jpg
1.049468,6.9776087,anger,OIP.0846U2L7OhuSwKhrPv2QyAHaE8.jpg
2.41997,12.343679,anger,OIP.2U-VMhf313UA984u5UOmFgHaE8.jpg
1.8605498,12.284953,anger,OIP.4KY2OX8QTAff8PFMslU-rQHaFU.jpg
3.0469718,6.879074,anger,OIP.5HgV6R-8EQ-LPrPMTjVxJwHaLH.jpg
3.03957,7.819766,anger,OIP.6t0EWZ09nvNTr_GNGp-zKwAAAA.jpg
5.959664,8.832628,anger,OIP.a91Dc2_byAp1-rnzaCOd9wHaEK.jpg
2.8019488,7.4534674,anger,OIP.Bfvrze8Og25wDZ0N3KmMPgHaEK.jpg
-0.19889438,6.1278872,anger,OIP.dn2dWcF-BTEj-RKzuFdqhwAAAA.jpg
2.1853566,8.669491,anger,OIP.E5pUSID04ha-h8WMV54oUAHaE7.jpg
6.1004333,8.921027,anger,OIP.EafjNj5586se3BZMZrjAsQHaE7.jpg
2.7459881,8.252857,anger,OIP.gyAGims-MsWI4bYqkhv0LQHaEK.jpg
3.3137164,7.545006,anger,OIP.kLZCOln4Sk4OyWEhd2_vowHaFj.jpg
5.841763,8.867658,anger,OIP.MF3dd0ht-oeUp7-D0StvogAAAA.jpg
2.1629598,7.093733,anger,OIP.mZOr1_UhZJePTPnSDiLjJAHaEo.jpg
-0.8398833,6.2803783,anger,OIP.PrYpWZCzXs86uw0VYRO5KwHaD8.jpg
3.6083035,8.796827,anger,OIP.qEb4NKvDPMy14OO-xj1c7QHaEK.jpg
2.9703639,6.877279,anger,OIP.sBp0c140k7M62e3o4lepvQHaE6.jpg
0.53248864,7.0019975,anger,OIP.Sfy_2CiV-cgyNYxx9xtgHAHaE8.jpg
0.67212856,6.7742796,anger,OIP.SnnMxi6X60FXYwyUWI_33gHaEt.jpg
3.4527886,9.096331,anger,OIP.UcAZLv4p-XewVF9bdY-augEnDT.jpg
0.047270484,6.261927,anger,OIP.XjMtyUUtx9LsnbMUQjTTsAHaDt.jpg
2.9031613,9.445556,anger,OIP.zYe8gCimgCnbRfmVn437jQAAAA.jpg
5.281823,9.401303,anger,OIP._fIX8tH_SU-ZbqmsJIBsCwHaEo.jpg
0.56901467,6.139169,anger,onlinedebate_mini.jpg
0.28804398,10.170244,anger,p1-287-cover-image-feat-1920x1008.jpg
0.43624634,10.242219,anger,pc-ran-into-problem.jpg
3.297787,9.844622,anger,pexels1.jpg
3.084314,6.4409084,anger,portrait-angry-bald-man-aggressive-260nw-1366656503.jpg
3.1966739,6.8102355,anger,portrait-annoyed-teenager-screaming-looking-camera_74580-3262.jpg
2.985921,6.5325055,anger,portrait-of-a-brazilian-wearing-a-basic-white-shirt-from-the-front-with-his-hands-raised-at.jpg
3.6462405,6.52605,anger,portrait-senior-angry-man-screaming-80764503.jpg
2.5987759,8.638775,anger,pression-displeasure-actively-gesticulating-behind-wheel-car-angry-122062745.jpg
3.4172266,10.004083,anger,pression-fear-human-emotions-facial-expressions-neutral-background-128517043.jpg
6.245253,8.790583,anger,reactive-parenting.jpg
3.1061687,9.146621,anger,road-rage-300x168.jpg
2.682251,8.603924,anger,road-rage-criminal-offense-law-offices-of-anthony-carbone-1024x682.jpg
2.83017,7.838045,anger,road-rage-traffic-jam-concept.jpg
3.425149,10.286064,anger,Screenshot-2019-11-08-at-11.42.49.png
3.922136,6.6671066,anger,senior-angry-man-portrait-posing-white-background-39807762.jpg
1.31871,11.032451,anger,senior-businessman-making-threatening-video-call.jpg
3.1817203,6.446023,anger,senior-man-nervous-crisis-fury-european-blue-shirt-clenching-his-teeth-143449854.jpg
4.3336577,9.801275,anger,senior-woman-feeling-worried-about-the-increase-in-groceries-prices.jpg
5.2955494,11.53389,anger,shocked-senior-man-holding-his-260nw-629995508.jpg
6.2606373,9.076126,anger,shocked-unhappy-afro-businesswoman-talk-on-phone-call-point-finger-at-laptop-screen-solving.jpg
-0.34952846,6.5031323,anger,shot-of-a-young-businessman-shouting-into-his-mobile-phone-against-a-studio-background.jpg
-0.6039695,5.754195,anger,shot-of-a-young-businesswoman-looking-angry-while-using-a-laptop-in-an-office.jpg
3.8610125,9.003048,anger,shot-of-a-young-businesswoman-yelling-while-using-a-laptop-in-an-office-at-work.jpg
2.7334616,10.046719,anger,shutterstock_112225889.jpg
3.506354,7.4806705,anger,shutterstock_133731200.jpg
2.7275667,9.608442,anger,shutterstock_403523503.jpg
2.8336809,7.2322354,anger,side-view-of-young-woman-shouting.jpg
5.5555787,9.288331,anger,Smart-Driving-Tips-16-e1551699333173.jpg
2.6295118,8.714081,anger,stressed-angry-woman-driver-s-seat-modern-car-view-windshield-228347010.jpg
0.21180286,11.011247,anger,stressed-woman.jpg
2.0332992,12.831337,anger,studio-portrait-of-a-senior-woman-yelling-against-a-grey-background.jpg
4.0756583,10.617239,anger,The-First-Pit-Stop-1080x607.jpg
2.9872613,10.740254,anger,the-young-emotional-angry-woman-screaming-on-blue-studio-background.jpg
3.632207,10.460606,anger,things-dont-feel-the-same-anymore.jpg
3.6312952,7.136556,anger,this-was-a-frustration-he-just-couldnt-deal-with.jpg
5.2379255,11.238891,anger,thoughtful-entrepreneur-leaning-against-a-glass-window-in-his-office.jpg
3.792724,10.376299,anger,throwing-documents-yelling-burn-out-looking-screen-blunder-mistake-183655610.jpg
2.8618298,7.5081587,anger,top-notebook-office-stressed-angry-business-woman-screaming-laptop-157430629.jpg
3.3320532,9.905458,anger,turing-fear-hands-face-close-up-portrait-scared-frightened-old-man-131232122.jpg
3.0019307,8.784027,anger,upset-fat-woman-looking-annoyed-and-looking-at-the-camera.jpg
2.7350183,7.562423,anger,upset-furious-woman-fighting-and-blaming-with-a-finger.jpg
3.6092954,10.1168165,anger,upset-woman-in-a-supermarket-shocked-about-the-price.jpg
3.0383148,10.753805,anger,upset.jpg
3.6436775,8.56447,anger,Virtual-Workplace-2.jpg
3.2763748,8.495998,anger,Website-Crash.jpg
0.9906878,10.980938,anger,white-background-conceptual-studio-shoot-of-a-angry-indian-bearded-man.jpg
3.063425,9.48971,anger,white-woman-angry-behind-wheel-of-car-in-daylight-shutterstock___22114439556.jpg
2.8020158,7.216867,anger,Why-does-NordVPN-keep-logging-me-out-1-1.jpg
2.5825355,8.754271,anger,woman-at-PC_WTF_16x9.jpg
2.413543,8.925891,anger,woman-screaming-room_777078-52631.jpg
3.4724672,8.956796,anger,worstdrivers.jpg
-0.41429225,5.922823,anger,xtremely-bossy-and-took-joy-telling-people-how-to-live.-He-didnt-know-Jesus..jpg
2.83458,7.9661994,anger,young-black-couple-arguing-at-dining-table.jpg
5.1027718,10.75842,anger,young-caucasian-man-angry-frustrated-and-furious-with-his-phone-angry-with-customer-service.jpg
2.6887586,7.7610993,anger,young-woman-holding-smartphone-read-bad-news-feels-concerned.jpg
1.5243917,8.509621,disgust,-asian-man-portrait-with-no-retouched-skin-in-the-pink-background-2041396331.jpg
3.252842,7.303734,disgust,-casual-clothes-disgusted-expression-displeased-and-fearful-doing-2053456178.jpg
2.6319218,9.082148,disgust,-casual-t-shirt-standing-over-isolated-white-background-disgusted-1475836610.jpg
3.7611747,9.896679,disgust,-over-pink-background-disgusted-expression-displeased-and-fearful-2267845857.jpg
2.7811327,7.825515,disgust,-over-pink-background-disgusted-expression-displeased-and-fearful-2349106257.jpg
3.1616027,8.692436,disgust,1000_F_156053211_NypiACrU86pLRceCFI9Sjk9znps74wTH.jpg
2.2076516,8.805936,disgust,360_F_116931569_TYf7rM2NTts3JUW4h1J4tD8ovKZypWJ9.jpg
2.1323097,11.181398,disgust,360_F_129384401_2jDyFu0FvIAGHE2SuUk0s9c8xkt2xhVq.jpg
1.5251245,8.442015,disgust,360_F_164398147_BU6nBVrw5Y6c0EysOorGufNK3mNE42I5.jpg
5.327868,11.154189,disgust,360_F_281183605_JBl4PkcdRsCBT8CthQvvGgBRVQ0IHvfQ.jpg
1.8554424,7.187864,disgust,360_F_299279399_QoGxfdRXrYPkAquWjKZE5pxUB4vHqbL6.jpg
2.17569,9.784864,disgust,360_F_321726194_pHtxATrvAwNke9rwEEmUDVNXBIRJGefv.jpg
2.6206748,9.600322,disgust,360_F_396679097_sjQOVWw6BjdFYONNeqnJsCAb6rBNN8Z5.jpg
3.0684536,9.292639,disgust,360_F_447078028_AXkehbTUmIwzbL5Puv2EwzSsmCcPGTsi.jpg
2.7445438,8.916853,disgust,360_F_496787125_CPbtsGXlsJu11T4sCziVGd9QNKW1VWbK.jpg
2.36299,8.454153,disgust,360_F_521888339_uiDecnIEQlvhlRx63hmTJk0a1htNfNjQ.jpg
1.5563606,8.522793,disgust,360_F_561610172_PhCRKic8HWqYS9KGE4vNSL1WM2JZFrVd.jpg
2.7743335,7.433417,disgust,360_F_570872504_fdrbceSQ662ZfWjjqw9Y4GucX82Wle3a.jpg
0.17806025,7.8654137,disgust,360_F_599904585_w0VVb2DyTmYDxT3aukbFyMWsBhcb0BMx.jpg
4.585252,11.587426,disgust,360_F_84670412_cIAHhDJnhzvCpoZEPbLadJ3KPsaIUiRx.jpg
3.1912382,8.8914585,disgust,57194301-pretty-disgusted-girl-on-a-white-background.jpg
2.9368124,8.754024,disgust,58843103-disgusted-girl-s-portrait.jpg
3.0718231,9.210096,disgust,70477370-dissatisfied-girl-negatively-and-disgusted-looks-forward-the-negative-attitude-to-something (1).jpg
3.651109,10.6012,disgust,800px_COLOURBOX32269984.jpg
0.36036956,9.608632,disgust,african-american-woman-wearing-casual-clothes-disgusted-expression-displeased-and-fearful-doing-disgust-face-because-aversion-reaction-annoying-conc-2EMG28M.jpg
-0.023107165,5.5839987,disgust,ard-wearing-red-t-shirt-over-blue-background-disgusted-expression-2228266031.jpg
-0.32630953,5.6975994,disgust,asual-sweater-and-glasses-standing-over-blue-background-disgusted-1782006449.jpg
3.342301,10.382361,disgust,attitude-angry-dissatisfied-male-has-disgusting-expression-as-sees-767465920.jpg
2.8144593,7.845349,disgust,blonde-pretty-woman-feeling-terrified-shocked-with-mouth-wide-open-surprise_1194-277526.jpg
2.27817,9.347601,disgust,cc991c42524f271a1f1691e1b928b37f.jpg
1.3336493,8.475435,disgust,ckbee3cuuu4tal7zrv.jpg
-0.099823065,6.0568447,disgust,cl5sn4ab7c511e353h.jpg
2.6817257,8.338861,disgust,cl7ws7z2bk56h1d1kt.jpg
3.2047439,8.475167,disgust,cmc8pxpzvo6pkd1ptv.jpg
2.572411,7.8990607,disgust,cmg6660a74q0fes9na.jpg
1.3388162,10.623491,disgust,cmlzw7v76zskkuxg85.jpg
2.2332547,9.378671,disgust,co2om7ekfgihqy9clg.jpg
2.7986817,10.510794,disgust,co6v57uuf5wq6n84z6.jpg
3.5050702,6.8041606,disgust,cogxwvj6pdb8surbrg.jpg
-0.3628028,5.8290224,disgust,cp73gpw6t7x4u6l454.jpg
6.1824646,8.9157915,disgust,cpc2qvf0uopffkr8jq.jpg
1.4473125,8.476631,disgust,cphybgtsuhmyl4x06o.jpg
4.9985147,10.907746,disgust,cpqodyl5o2bxprdury.jpg
3.8737996,6.621921,disgust,cq38jnhwg7y15250lx.jpg
3.378146,10.439292,disgust,cqd8kfrwfi6os6k48h.jpg
0.21931984,6.851759,disgust,cqs87glt2r7jd54u6z.jpg
3.5204644,6.927379,disgust,cqt0jl1w9zrlxp5vbz.jpg
2.6956134,11.709455,disgust,cquk7pf3pck9kr47pk.jpg
2.2658186,8.510133,disgust,cra80zwyyunnl2d281.jpg
2.7146845,7.498014,disgust,crdd92ynr59k1df1lx.jpg
2.2014089,10.627268,disgust,crwx15ozcukwg4mcwr.jpg
2.118693,8.575404,disgust,cs0k3kddyhc30z32ed.jpg
2.8744996,10.894489,disgust,csi7rxvd0jef22jdm8.jpg
3.2020223,11.532776,disgust,csnkvsyn0xwl7kjgw4.jpg
0.93684137,10.394292,disgust,csskeiw7j9mfawjy4r.jpg
2.574586,8.854855,disgust,cssr67is17ufzxu6zo.jpg
2.674329,8.50351,disgust,ctvx2pmqvdocr6c228.jpg
2.9700387,11.143189,disgust,cu0z6eip3l17240qz0.jpg
3.3291385,6.9651127,disgust,cv8uhx4wgwoq372gr3.jpg
3.2998085,8.6212435,disgust,cve64sedpwfo8gqn7f.jpg
6.2937627,9.273577,disgust,cvy63gjpkvrfdu2has.jpg
2.6497574,8.898713,disgust,cvz7uolhxgbfrk0jyn.jpg
3.15193,9.10253,disgust,cwcseh83clagkl1kdk.jpg
6.300419,8.98554,disgust,cweq5lp0de9x8q53ps.jpg
2.321204,10.334925,disgust,cwpvmtkuw83q2or3za.jpg
0.50308543,10.235405,disgust,cwqgqtrnootvlzuo5n.jpg
2.0644562,11.224331,disgust,cwrom2tpsxgc5dk45j.jpg
0.70502824,11.043585,disgust,cx2acxg91fbwfoy5p3.jpg
2.962537,9.748214,disgust,cxhta6w2hpk6ritgsz.jpg
2.8584356,10.863138,disgust,cxzwt9dzixcu1wuu0a.jpg
2.877375,8.337472,disgust,cymmb6smbo3id9tfpp.jpg
3.2695944,6.848552,disgust,cz2nsxsren3kvedt7u.jpg
0.19743234,10.09804,disgust,cz6xpybqfvn7pmad1a.jpg
0.9129913,10.662484,disgust,czpgnm401fwlfr1kpi.jpg
0.21530104,7.9447083,disgust,d1dzidvm2bpw2cdzu9.jpg
2.8574188,7.650603,disgust,depositphotos_210198264-stock-photo-beautiful-young-hispanic-woman-wearing.jpg
2.3030138,10.178289,disgust,depositphotos_255961840-stock-photo-beautiful-young-african-american-woman.jpg
0.44627362,9.369597,disgust,depositphotos_390236786-stock-photo-young-beautiful-woman-wearing-casual.jpg
0.43469924,8.092945,disgust,depositphotos_467329060-stock-photo-african-american-woman-wearing-casual.jpg
4.8241954,10.334583,disgust,depositphotos_599731792-stock-photo-young-beautiful-woman-standing-casual.jpg
3.2514188,9.6469,disgust,depositphotos_655236698-stock-photo-beautiful-woman-standing-pink-background.jpg
2.5604374,7.3265934,disgust,depositphotos_73137665-stock-photo-disgusted-woman.jpg
0.11629839,6.4405894,disgust,ding-over-isolated-background-disgusted-expression-displeased-and-2186273619.jpg
3.4922044,7.0345807,disgust,disgusted-guy-600w-175338359.jpg
1.5455335,7.778582,disgust,displeased-disappointed-young-woman-pointing-up_176420-22761.jpg
2.7283292,7.7485614,disgust,dissatisfied-female-model-frowns-face-600w-757886677.jpg
1.6117913,8.620306,disgust,ed-out-little-kid-girl-with-glasses-wearing-plaid-shirt-over-blue-2144288679.jpg
5.0604434,10.543865,disgust,ed-t-shirt-denim-shirt-and-glasses-over-isolated-white-background-1519601690.jpg
3.361856,9.357523,disgust,feeling-anxious-ill-sick-unhappy-suffering-painful-stomach-ache-flu_1194-463917.jpg
3.3835492,9.594306,disgust,female-after-trying-piece-of-cake-healthy-diet-concept-avoid-sugar-394739884.jpg
3.4473343,6.4423614,disgust,funny-digusted-young-man-round-glasses-red-t-shirt_176420-24324.jpg
2.737258,8.741445,disgust,gettyimages-185126023-612x612.jpg
1.8123902,12.639471,disgust,girl-cringes-from-disgusting-scene-disappointed-bothered-attractive-blond-woman-orange-tshirt-frowning-squinting-freakedout-frustrated-pointing-upper-left-corner-white-background_176420-51856.jpg
2.8597445,8.574249,disgust,girl-sharing-her-negative-opinion-portrait-of-displeased-and-disgusted-attractive-european-woman-pointing-right-with-thumb-frowning-and-wrinkling-nose-being-unimpressed-and-expressing-dislike-PWYKJH.jpg
1.5228438,8.546635,disgust,hite-background-disgusted-expression-displeased-and-fearful-doing-2285092617.jpg
5.6039953,8.730264,disgust,istockphoto-1044676028-612x612.jpg
3.868932,9.580094,disgust,istockphoto-1198450548-640x640.jpg
3.7792187,9.60093,disgust,istockphoto-184857416-1024x1024.jpg
4.765413,11.196167,disgust,istockphoto-527660021-1024x1024.jpg
3.4358928,7.2373004,disgust,looking-angry-annoyed-frustrated-screaming-wtf-what-s-wrong-with-you_1194-516792.jpg
2.709528,7.8145523,disgust,mostrando-garras-imitando-gesto-agresivo-gato_1187-325651.jpg
2.5239565,7.880582,disgust,n-in-white-shirt-demonstrates-disgust-twisting-face-with-negative-2034791339.jpg
5.2088366,10.508599,disgust,n-pose-face-body-expression-mode-emotion-on-white-background-pain-2072713187.jpg
3.2131846,8.784829,disgust,n-wearing-a-sweater-over-isolated-background-disgusted-expression-1392253844.jpg
0.8193819,7.4676642,disgust,nding-over-yellow-background-wearing-glasses-disgusted-expression-2288644083.jpg
3.2051795,6.7047377,disgust,ng-casual-clothes-and-glasses-disgusted-expression-displeased-and-1820397947.jpg
2.8428767,9.134011,disgust,ng-casual-clothes-and-glasses-disgusted-expression-displeased-and-2142739549.jpg
2.3449512,12.3913,disgust,oto-of-asian-man-with-hate-and-disgusting-face-on-grey-background-1194074005.jpg
2.2408416,9.181097,disgust,over-blue-isolated-background-disgusted-expression-displeased-and-2169918131.jpg
0.15758993,10.99,disgust,pic1.jpg
6.335047,8.772767,disgust,pic11.jpg
4.872974,9.25681,disgust,pic12.jpg
2.9174507,10.550114,disgust,pic15.jpg
1.3869668,8.599042,disgust,pic20.jpg
2.75097,10.45104,disgust,pic22.jpg
4.1820545,9.305217,disgust,pink-background-disgusted-expression-displeased-and-fearful-doing-2196232851.jpg
3.1455095,7.978222,disgust,portrait-of-a-beautiful-young-woman-with-a-disgusting-face-E7C9DA.jpg
1.8601692,12.537159,disgust,pretty-woman-feeling-sad-stressed-upset-because-bad-surprise-with-negative-anxious-look_1194-280613.jpg
-0.36143917,5.8341327,disgust,r-isolated-background-disgusted-expression-displeased-and-fearful-2236998807.jpg
3.0426059,9.297664,disgust,ring-casual-pink-t-shirt-standing-over-white-background-disgusted-1790705198.jpg
1.9683201,7.285233,disgust,rly-hair-and-piercing-wearing-striped-shirt-and-glasses-disgusted-1676143501.jpg
3.6461062,8.99004,disgust,scared-beautiful-caucasian-young-female-biting-her-lower-lip-having-nervous-expression-wide-opened-eyes-worrying_273609-7348.jpg
0.39108428,10.187056,disgust,sgust-look-at-smartphone-screen-at-modern-living-room-portrait-of-2065601216.jpg
5.750361,8.779801,disgust,shutterstock_593351747.jpg
3.2806714,9.10681,disgust,sian-woman-declining-proposal-shaking-hands-and-step-back-looking-2215619187.jpg
2.7932653,6.539711,disgust,something-disgusting-step-back-from-awful-thing-and-block-it-with-2278792301.jpg
1.3824761,10.450327,disgust,stock-photo-disgusted-and-frowning-young-woman-on-a-white-background-249074803.jpg
1.816175,10.000339,disgust,stock-photo-disgusted-child-s-portrait-557495155.jpg
3.3986917,10.593098,disgust,stock-photo-disgusted-man-115103842.jpg
3.6105824,7.3379436,disgust,stock-photo-disgusted-woman-523909081.jpg
1.4171436,7.0988173,disgust,stock-photo-girl-disgusted-face-expression-627565379.jpg
3.0216014,11.070344,disgust,stock-photo-man-disgusted-527448697.jpg
2.6533625,11.358532,disgust,stock-photo-man-disgusted-569418874.jpg
2.8922179,10.662787,disgust,stock-photo-portrait-of-a-disgusted-man-toned-photo-457810597.jpg
2.884917,9.016274,disgust,stock-photo-portrait-of-blonde-woman-looking-disgusted-333214997.jpg
4.418837,10.557595,disgust,stock-photo-portrait-of-disgusted-man-157245074.jpg
0.3316937,11.062496,disgust,stock-photo-scared-man-fearing-the-worst-98139272.jpg
4.7215066,9.131449,disgust,stock-photo-shock-in-a-woman-disgust-a-woman-expresses-an-emotion-of-rejection-779758063.jpg
4.4877334,10.599236,disgust,stock-photo-young-man-with-disgust-259370159.jpg
3.0943742,6.6682773,disgust,th-disgusted-expression-repulsing-something-disgust-concept-young-1033901719.jpg
3.691826,10.674267,disgust,wearing-casual-jacket-disgusted-expression-displeased-and-fearful-1954991749.jpg
0.50212955,9.945807,disgust,young-caucasian-man-isolated-blue-background-pointing-upside-with-opened-mouth_1187-229673.jpg
0.6379114,6.964128,disgust,young-caucasian-woman-blue-backdrop-rejecting-someone-showing-gesture-disgust_1187-401885.jpg
-0.20543091,6.1246314,disgust,young-hispanic-man-wearing-casual-600w-1881057247.jpg
5.4950476,11.044056,fear,00414035.jpg
3.4547727,11.83471,fear,0963b4bd89fb20bff8f6eca1bd54df5f.jpg
5.070839,11.372151,fear,110501_1_detail_Angst.jpg
2.3015156,12.509051,fear,1509041672055.jpg
0.6647328,10.275677,fear,1kyj_2jypiBbJcTu5t5KRdQ.jpeg
4.73372,11.1429,fear,20-1Z612151A9-51.jpg
4.589411,9.951606,fear,2916813731_8d9e648733_b-3-700x467.jpg
3.7057328,10.511689,fear,38ruwp.jpg
2.0896854,12.656159,fear,4122114599_1a0200aa4f_z.jpg
6.121898,9.165241,fear,4315390143_1b36d3269a_b.jpg
0.0060925623,6.5374527,fear,4869958530_97140c37b4_b.jpg
5.121177,11.379892,fear,5610666266_8db0369b96_b.jpg
5.0525126,11.661403,fear,635497632889760060-Scared-eyes_662175_ver1.0.jpg
4.1877246,11.540609,fear,64a71c37570861ecee3a9b5fcbc3de0c4.jpg
3.8518584,8.777662,fear,65e06ecc7f28ce65b05ed59a76a088ea2.jpg
2.034046,12.723611,fear,6eb9bd5f29d5458d9d7075313d971e6b.jpg
1.9844553,12.789133,fear,742-columbia-blog-post-image-20160712224917.jpeg
3.8135538,6.6464386,fear,7d4bb0dca401614a6054320d8cc686ab3.jpg
1.5086372,10.976143,fear,7e2a26eb1466d2f29ab96b872e0e5abb4.jpg
4.050492,11.896679,fear,867e7625779abb5b7e9b82c5f064c54f.jpg
3.6763256,8.687826,fear,86dd5784ae7dd4a0365f786a33b532db3.jpg
5.1325192,11.201859,fear,9347.__.jpeg
3.0052629,11.815739,fear,9488ca3ce410bccf85b0a634f5a7074b4.jpg
6.1714,9.179725,fear,ad963f5cc12f983d8367588d3b156a33--dark-eyes-horror-films.jpg
3.0616944,9.839484,fear,afraid-19086_640.jpg
4.309081,11.25482,fear,Amazon-pricing-rule.jpg
3.841539,9.054973,fear,aming-desperate-screaming-primal-fear-emotion-scared-isolated-black-85731067.jpg
5.4054766,11.249458,fear,Angst.jpg
4.707792,10.5309305,fear,b746d80191e3e75971e02d2214a2499d4.jpg
3.9761364,9.525043,fear,bc1aa010fe39d2b6d6d78b95bb6a4c202.jpg
4.610466,9.77328,fear,c00b8bbfd19762be3a29242eebe055653.jpg
5.5732417,9.266201,fear,c73d1609b57aad0e031022caa922b5c53.jpg
1.9610612,12.410047,fear,children-s-emotions-fear-frightened-girl-black-background-49461339.jpg
2.8582337,9.469415,fear,CSRWDRFWRFH43NPSBHI55XCLTE.jpg
3.0601583,10.799411,fear,d6dadd41b5d8072938670e2cb6a107043.jpg
3.1648254,10.492456,fear,depositphotos_75057747-stock-photo-blond-scared-man.jpg
5.140133,11.119432,fear,doc-com-7.jpg
3.7537088,9.688142,fear,ed-adult-man-terrified-facial-expression-portrait-young-shock-face-138011200.jpg
1.9516182,12.770136,fear,ed-face-looking-at-something-scaring-human-emotions-feelings-and-faci-W4RKHR.jpg
3.8651407,11.517731,fear,espectrofobia-768x514.jpg
1.8271793,9.203237,fear,f2c81n5vuvdcjbchvu.jpg
4.9055424,10.91484,fear,f30ns74m5j2m6ytlky.jpg
3.0676045,10.554413,fear,f31838ys8rwh2siyf2.jpg
0.61922747,10.667787,fear,f36j0deu657obta0ln.jpg
1.5099356,10.154734,fear,f48g5wb1wcrt0mllzr.jpg
4.5185213,8.838869,fear,f4ihm23qnjzfp8mepp.jpg
-0.31022432,6.2955303,fear,f5nqr1m8slxtv6vnfo.jpg
4.964357,9.672548,fear,f6o53wmduiqj32huba.jpg
5.097479,9.607252,fear,f8xcudhbf2kuy5i61p.jpg
5.808173,9.021761,fear,f950a6v89726kt7xvs.jpg
4.2458887,9.7387,fear,fa5r3o08nkixvkvo74.jpg
2.956741,10.069322,fear,fad0lq0rhuwwxv3l2x.jpg
3.5596237,7.475559,fear,fdeaetzik3g6nc3p82.jpg
3.2533188,11.564628,fear,fdopreq8bfsmy72abr.jpg
3.4657152,11.404368,fear,fdp6ejoy2z5ckxu7uf.jpg
2.3123267,8.964124,fear,fdx9496bahencoj0s8.jpg
3.5648482,10.711571,fear,fear---header-edited-1.jpg
1.6467736,10.897673,fear,fear-3083470.jpg
5.345933,11.385492,fear,fear-690x417.jpg
0.39353567,10.598042,fear,fear-7142414.jpg
4.0246687,8.914023,fear,fear-image.jpg
5.180388,10.877299,fear,fear12.jpg
6.1240916,9.241849,fear,fearful-man.jpg
4.8573556,11.58411,fear,fearful-wallpaper-1.jpg
2.1626372,9.0765085,fear,fefghvo5xng2f9l67t.jpg
5.2640696,10.868977,fear,fefn0untffp3soaq75.jpg
1.871287,12.440914,fear,female-teenager-showing-fearful-expression-wearing-black-shirt-black-background-29812717.jpg
2.8186145,10.575613,fear,ffty7s5jy6wiuzn4v3.jpg
0.03673876,10.614142,fear,Fobias.IncreC3ADbles.jpg
3.16797,11.324532,fear,frightened-man-emotion-fear-scared-screaming-male-threaten-concept-99162309.jpg
4.3381352,10.024247,fear,hiding-fear-stock.jpeg
3.4323816,10.862724,fear,iStock_61131782_SMALL.jpg
1.9090225,12.392965,fear,Know-Fear-01-1024x623.jpg
2.546907,10.885116,fear,maxresdefault3.jpg
2.2929623,10.4739895,fear,maxresdefault5.jpg
0.5573528,10.492088,fear,nail-biting-blog-106lafu-624x413.jpg
4.2116385,11.872457,fear,nerves-600x371.jpg
6.267741,9.038472,fear,nour-fear.jpg
5.236009,10.805892,fear,o-FEAR-facebook.jpg
5.8665643,9.462875,fear,OIP.bGnE5PSDOIpxCs8FofLgGwAAAA.jpg
6.2467337,9.289751,fear,OIP.hDRYhOzTj4yrYhhWrAfZVwHaD4.jpg
0.4108194,10.777034,fear,OIP.mQVROnMAnaQnpRJ3Q1MHZAHaHS.jpg
5.227102,11.554746,fear,overcoming-fear-500x500_c.jpg
4.003094,11.846869,fear,PARENT-PRESSURE.jpg
5.1184835,11.019261,fear,photodune-3175666-fear-m.jpg
0.29254404,9.663389,fear,photo_10_2023-11-08_20-03-26.jpg
-0.3782085,5.7679243,fear,photo_11_2023-11-08_20-03-26.jpg
2.6715364,11.299505,fear,photo_12_2023-11-08_20-03-26.jpg
1.9520676,12.615106,fear,photo_14_2023-11-08_20-03-26.jpg
2.238478,12.699371,fear,photo_18_2023-11-08_20-03-26.jpg
1.9370484,12.848869,fear,photo_1_2023-11-08_20-03-26.jpg
4.845031,11.28428,fear,photo_22_2023-11-08_20-03-26.jpg
5.109851,11.5461235,fear,photo_23_2023-11-08_20-03-26.jpg
2.1492794,12.571168,fear,photo_24_2023-11-08_20-03-26.jpg
-0.05081138,6.2843714,fear,photo_2_2023-11-08_20-03-26.jpg
2.1768165,9.818118,fear,photo_31_2023-11-08_20-03-26.jpg
2.2813692,12.728978,fear,photo_33_2023-11-08_20-03-26.jpg
3.994171,6.650076,fear,photo_38_2023-11-08_20-03-26.jpg
2.2000058,12.8981,fear,photo_41_2023-11-08_20-03-26.jpg
1.9959143,9.355221,fear,photo_44_2023-11-08_20-03-26.jpg
2.510961,12.651067,fear,photo_46_2023-11-08_20-03-26.jpg
5.33593,11.323059,fear,photo_50_2023-11-08_20-03-26.jpg
2.2856815,12.5029955,fear,photo_51_2023-11-08_20-03-26.jpg
4.246774,11.891659,fear,photo_57_2023-11-08_20-03-26.jpg
3.1391063,6.635537,fear,photo_59_2023-11-08_20-03-26.jpg
2.9120429,11.681092,fear,photo_60_2023-11-08_20-03-26.jpg
3.3338583,10.72889,fear,photo_61_2023-11-08_20-03-26.jpg
3.9492683,11.435926,fear,photo_62_2023-11-08_20-03-26.jpg
0.36341575,10.833577,fear,photo_68_2023-11-08_20-03-26.jpg
0.7321874,10.397567,fear,photo_69_2023-11-08_20-03-26.jpg
4.632456,10.965837,fear,photo_6_2023-11-08_20-03-26.jpg
3.0075176,11.769379,fear,photo_70_2023-11-08_20-03-26.jpg
3.8456905,10.007592,fear,photo_7_2023-11-08_20-03-26.jpg
4.809174,11.556986,fear,photo_9_2023-11-08_20-03-26.jpg
4.812254,10.992043,fear,pic1.jpg
1.9027632,12.724694,fear,pic106.jpg
0.36267862,8.110359,fear,pic112.jpg
2.1274788,12.880444,fear,pic114.jpg
0.42349023,6.7835836,fear,pic116.jpg
3.2989798,11.361105,fear,pic119.jpg
3.361274,11.2943735,fear,pic122.jpg
5.371812,10.719775,fear,pic27.jpg
3.2762187,6.582715,fear,pic3.jpg
3.0748627,11.7686,fear,pic62.jpg
4.8312263,10.219863,fear,pic86.jpg
5.6792507,8.750568,fear,pic9.jpg
1.7998705,12.560058,fear,pic92.jpg
2.695072,12.028784,fear,pic93.jpg
5.2626653,8.659128,fear,pic97.jpg
1.2380816,10.48123,fear,portrait-girl-emotion-fear-isolated-89639132.jpg
4.6429915,10.065419,fear,premium_photo-1683740128035-1a4c8b2e1ca3.jpg
4.2815886,10.609626,fear,pression-making-frightened-gestures-people-human-emotions-feelings-152136768.jpg
0.06325155,10.861938,fear,psixikaalkogolikaieeizmenenieprizaboleva-e9a4a516.jpg
3.3527555,11.216727,fear,scared-man-6798261.jpg
-0.44377425,6.2788963,fear,Schizophrenie-5.jpg
3.0564458,9.750819,fear,ssions-people-emotions-concept-fear-surprised-frightened-teen-girl-109933867.jpg
3.0778975,10.884455,fear,Temor.jpg
4.3786435,11.513968,fear,th20.jpg
5.5428257,11.17357,fear,types-of-fear-1.jpg
-0.27491602,6.2115917,fear,woman-close-up-face-fear-afraid-emotion-80664406.jpg
0.69134897,9.783863,fear,Woman-emotion.jpg
1.93356,12.82419,fear,woman-fear-emotion-people-emotions-expressions-dark-background-44666498.jpg
2.6577957,11.034863,happy,l-teenager-holding-dialog-frame-person-with-communication-cloud_482257-50637.jpg
0.4018909,6.6990848,happy,maintaining-a-positive-outlook-on-life.jpg
-0.17044042,6.027266,happy,man-299488_960_720.jpg
1.3562481,8.637574,happy,man-face-and-smile-breathing-fresh-air-for-spiritual-wellness-health-or-satisfaction-in-the.jpg
-0.16749625,6.063651,happy,man-happy-facial-expression-10769888.jpg
4.785487,11.229645,happy,man-happy-facial-expression-12064212.jpg
4.4936495,11.031874,happy,man-happy-facial-expression-12064226.jpg
0.56612325,6.6334834,happy,mature-beautiful-curly-hair-woman-looking-at-camera.jpg
3.4088852,10.334624,happy,mature-executive-business-man-listening-to-meeting-with-employees-teamwork-and-strategy-in.jpg
2.49337,11.0202055,happy,mature-handsome-business-man.jpg
0.1162867,7.4835415,happy,mature-woman-standing-outside-in-a-park-and-smiling.jpg
0.17709689,5.983038,happy,mid-adult-man-smiling-on-gray-background.jpg
0.26515865,5.7537475,happy,middle-aged-man-reviewing-wrinkles-in-hand-mirror.jpg
2.6300316,10.772759,happy,multiethnic-children-in-a-circle.jpg
0.76207894,7.1565895,happy,muslim-young-woman-wearing-hijab.jpg
1.395328,11.0978775,happy,my-secret-is-less-stressing-and-more-facials.jpg
0.40142697,6.216636,happy,my-skin-just-gets-better-and-better.jpg
0.70505995,7.179277,happy,n-say-that-she-says-with-a-smile-from-her-perch-at-the-back-of-the-sailboat-.jpg
2.3999014,11.438733,happy,natural-afro-hair-wide-toothy-smile-and-expression-of-pleasure-on-the-face-of-young-brown.jpg
0.30479807,6.7229958,happy,natural-hispanic-beauty.jpg
0.38208827,6.787414,happy,natural-young-woman-with-perfect-smile-and-clean-healthy-skin.jpg
-0.3394962,5.523596,happy,never-leave-home-without-a-smile.jpg
0.13184386,7.060657,happy,OIF.uBr4h1p0QOlFZC883PjyCg.jpg
-0.15464391,7.0269604,happy,OIP.6sWlAR-R9rdLrin5R6cFtwHaE8.jpg
-0.33119094,5.997771,happy,onfidence-staring-direct-to-camera-white-isolated-studio-background-90020470.jpg
1.0369465,7.118624,happy,outdoor-beauty-portrait-of-casual-young-woman-with-beautiful-smile.jpg
0.622566,7.1421237,happy,pensive-woman-looks-at-side-wondering-in-a-park.jpg
-0.2135599,6.2691197,happy,people_smiling.jpg
0.8542477,7.4986405,happy,photo-of-cheerful-pleasant-woman-with-wavy-hairstyle-dressed-white-blouse-look-at-offer-empty.jpg
0.30295426,7.1224303,happy,photo-of-cute-charming-woman-wear-casual-t-shirt-recording-self-video-waving-arm-palm.jpg
0.72317356,7.423309,happy,photo-of-young-curly-girl.jpg
0.12100495,6.5869946,happy,photo-relaxed-charming-positive-young-woman-hold-camera-and-make-selfie-summer-outside-in.jpg
0.04904418,5.8262362,happy,point-happy-and-portrait-of-asian-man-on-blue-background-for-news-information-and.jpg
-0.5224459,5.8667536,happy,portrait-man-smiling-looking-at-camera.jpg
0.41902414,6.977493,happy,portrait-of-a-10-years-old-pretty-girl-child-teenager-face-hair-beauty-fun-eyes-freckles.jpg
0.032175697,6.9993386,happy,portrait-of-a-beautiful-hispanic-woman.jpg
0.1801431,10.534682,happy,portrait-of-a-beautiful-woman-standing-in-the-woods-enjoying-the-sunlight.jpg
-0.23994114,7.0584064,happy,portrait-of-a-beautiful-young-indian-woman.jpg
1.1577562,7.0632515,happy,portrait-of-a-beautiful-young-laughing-woman.jpg
-0.3480038,6.454982,happy,portrait-of-a-boy-outdoors.jpg
-0.15190622,6.5196195,happy,portrait-of-a-handsome-mexican-man.jpg
0.2015632,5.7109485,happy,portrait-of-a-mid-adult-man-outdoors.jpg
0.072215535,6.686515,happy,portrait-of-a-real-caucasian-adult-woman-with-funny-expression-looking-to-the-side.jpg
-0.19538695,7.0367236,happy,portrait-of-a-smiling-beautiful-woman.jpg
0.22841588,5.6990047,happy,portrait-of-a-smiling-man.jpg
6.1785355,9.343553,happy,portrait-of-a-smiling-senior-woman.jpg
-0.07727309,7.2965097,happy,portrait-of-a-sporty-woman-smiling.jpg
-0.09785517,6.522204,happy,portrait-of-a-teen-girl.jpg
0.29306114,8.104311,happy,portrait-of-a-thoughtful-young-businesswoman.jpg
5.1029706,8.967777,happy,portrait-of-a-young-caucassian-man-closing-eyes-and-smiling.jpg
-0.40208644,5.6677628,happy,portrait-of-a-young-japanese-man-with-big-smile.jpg
3.2752512,10.380347,happy,portrait-of-a-young-woman-in-the-street.jpg
-0.61985713,6.1819105,happy,portrait-of-adult-bald-smiling-attractive-man-forty-years-with-beard-in-blue-shirt.jpg
4.576655,9.970137,happy,portrait-of-attractive-asian-woman-in-a-park.jpg
2.9199855,10.837175,happy,portrait-of-beautiful-man.jpg
0.29889503,5.9645805,happy,portrait-of-casual-smiling-man.jpg
-0.2754679,6.3986135,happy,portrait-of-confident-mature-man-smiling.jpg
0.8206011,6.964865,happy,portrait-of-female-volleyball-player-holding-a-volleyball-ball-at-sports-court.jpg
0.07507887,6.115837,happy,portrait-of-handsome-smiling-young-man-with-crossed-arms.jpg
0.5402886,6.2628956,happy,portrait-of-happy-mature-man-smiling.jpg
-0.21731222,6.139514,happy,portrait-of-happy-smiling-man.jpg
0.44165036,6.4229355,happy,portrait-of-men-smiling-at-the-beach.jpg
0.56705064,10.640684,happy,portrait-of-redhead-girl-with-freckles-on-summer-blurred-background-cheerful-and-happy.jpg
-0.09817189,7.265027,happy,portrait-of-senior-woman-outdoors.jpg
0.5545931,7.6758537,happy,portrait-of-smiling-african-american-woman.jpg
0.070858106,7.8221264,happy,portrait-of-smiling-african-american-young-woman-indoors-talking-to-camera-video-calling.jpg
-0.27888992,7.5260024,happy,portrait-of-smiling-black-woman-on-yellow-background.jpg
0.6839372,6.7034864,happy,portrait-of-smiling-mid-age-woman-looking-at-camera-skin-care-concept.jpg
0.27935207,6.423606,happy,portrait-of-smiling-senior-woman-with-eyeglasses.jpg
-0.013549853,6.7143803,happy,portrait-of-smiling-young-asian-woman.jpg
2.769456,10.69927,happy,portrait-of-the-thoughtful-senior-farmer-looks-at-camera-senior-farmer-smiling-slow-motion.jpg
-0.5384181,6.259198,happy,portrait-of-young-woman-on-street.jpg
0.47504482,6.551645,happy,portrait-of-young-woman-with-a-skin-colored-bra.jpg
0.99636954,7.3965597,happy,portrait-of-young-woman-with-curly-hair-in-the-city.jpg
0.24004944,10.736284,happy,portrait-with-copy-space-of-charming-cheerful-trendy-attractive-adorable-naked-shirtless-girl.jpg
3.237392,6.745026,happy,portrait-young-man-with-happy-facial-expression_155003-2591.jpg
0.31646767,7.8861947,happy,portraits-of-a-beautiful-black-woman.jpg
-0.004177642,7.205754,happy,positive-and-professional-everything-you-want-in-an-entrepreneur.jpg
-0.35569322,6.335425,happy,pretty-asian-woman-standing-outdoors.jpg
-0.0834388,5.9413033,happy,pretty-happy-woman-enjoying-summer-outdoors.jpg
0.16134453,5.5969357,happy,public-transport-and-text-messaging.jpg
-0.31301093,5.5612655,happy,real-malaysian-adult-man-with-very-excited-expression.jpg
-0.5136186,5.6395392,happy,real-man.jpg
5.462746,9.409394,happy,s-near-building-looking-happy-while-watching-something-smartphone_447912-217.jpg
0.08497796,6.563838,happy,senior-african-american-man-looking-at-camera-and-smiling.jpg
5.1979866,11.49985,happy,senior-care-hug-and-portrait-of-nurse-with-patient-for-medical-help-healthcare-or.jpg
-0.5299257,6.1649747,happy,senior-man-smiling-at-home.jpg
0.0916229,6.0745907,happy,senior-woman-laughing.jpg
0.91331154,7.222068,happy,serenity.jpg
3.3098223,6.7564616,happy,she-enjoys-grandpas-jokes.jpg
2.9810326,10.30294,happy,she-has-every-reason-to-smile.jpg
0.5009121,7.308209,happy,shes-beautiful-in-every-single-way.jpg
-0.005213728,5.536742,happy,shot-of-a-handsome-young-man-standing-against-a-grey-background.jpg
0.8261158,7.0959015,happy,shot-of-young-brazilian-woman.jpg
0.4134972,5.888367,happy,showing-off-his-pearly-whites.jpg
-0.2080633,7.632602,happy,smile-natural-hair-and-skincare-with-black-woman-or-cosmetic-on-white-background-for-wellness.jpg
2.5038767,10.27643,happy,smile-sunshine.jpg
4.980494,11.000616,happy,smiles_02.jpg
1.6183673,12.135663,happy,smiles_05.jpg
2.076441,12.834311,happy,smiles_09.jpg
5.775817,9.000966,happy,smiles_10.jpg
5.629334,8.802447,happy,smiles_11.jpg
-0.26898408,6.6169114,happy,smiles_17.jpg
-0.30875,6.6310363,happy,smiles_18.jpg
0.4421202,6.5879836,happy,smiles_19.jpg
-0.3496984,6.4288306,happy,smiles_21.jpg
-0.1970378,5.98696,happy,smiles_22.jpg
0.64300126,7.1515317,happy,smiles_26.jpg
-0.30248782,6.4054656,happy,smiles_32.jpg
-0.1829687,6.1673813,happy,smiles_35.jpg
1.2146171,10.663408,happy,smiles_38.jpg
-0.22151344,5.5420237,happy,smiles_40.jpg
-0.27159324,6.5713525,happy,smiles_41.jpg
0.26308346,6.640874,happy,smiles_44.jpg
-0.2339006,6.973072,happy,smiley-people-celebrating-with-drinks-medium-shot_23-2149386882.jpg
0.13232838,10.322124,happy,SmileYourselfHappier.jpg
2.794431,8.939051,happy,smiling-attractive-young-woman-looking-at-camera-slow-motion-portrait.jpg
0.45477894,6.7695785,happy,smiling-blue-eyed-40-years-old-woman-looking-at-camera-psychology-and-feminine-health-concept.jpg
2.9864013,11.022846,happy,smiling-brunette-woman.jpg
0.54320896,7.1329317,happy,smiling-confident-young-woman-having-online-conference-from-home-office.jpg
-0.3684346,5.6225176,happy,smiling-face-1.jpg
0.6437102,10.394886,happy,smiling-face.jpg
0.86216617,7.278415,happy,smiling-faces.jpg
0.0014427791,7.776333,happy,smiling-friendly-portrait-of-young-african-girl-with-glasses.jpg
0.42943326,8.077508,happy,smiling-girl-1024x683.jpg
3.4733756,6.703455,happy,smiling-man-outdoors-in-the-city.jpg
0.33738285,5.5798526,happy,smiling-man-texting-at-night.jpg
1.4547219,8.496845,happy,smiling-mature-60s-middle-aged-woman-looking-at-web-camera-video-conference-calling-in.jpg
-0.42640257,6.2490473,happy,smiling-mature-man.jpg
1.2229474,7.1947265,happy,smiling-mature-woman-at-beach.jpg
0.65640306,6.6554384,happy,smiling-mature-woman.jpg
0.5044432,6.740212,happy,smiling-people-29.jpg
5.754767,9.53716,happy,smiling-people-31.jpg
5.849519,9.194165,happy,smiling-people-36.jpg
0.3972491,7.0787945,happy,smiling-people-42.jpg
0.19173492,6.6183124,happy,Smiling-people-Stock-Photo-04.jpg
3.677176,6.970386,happy,smiling-people2.jpg
0.80335134,6.7906985,happy,smiling-senior-woman.jpg
1.1450528,7.4895506,happy,smiling-stylish-woman-eating-an-apple.jpg
1.5869133,10.463191,happy,smiling-woman-applying-face-cream-sitting-on-bed.jpg
0.027026245,6.883066,happy,smiling-woman-in-the-city.jpg
0.46569908,7.4699826,happy,smiling-woman-wearing-spectacles.jpg
0.2818571,6.7108383,happy,smiling-womans-portrait.jpg
0.48728794,7.8081074,happy,smiling-young-african-american-woman-looking-at-camera-webcam.jpg
-0.27809387,6.7037735,happy,smiling-young-african-man-smiling-against-blue-wall.jpg
0.70931053,6.1131616,happy,smiling-young-man-having-online-conference-from-home.jpg
0.8853762,7.0242505,happy,smiling-young-woman-feeling-happy.jpg
0.5635515,7.5599074,happy,smiling-young-woman-standing-in-creative-office.jpg
0.2026304,6.9283323,happy,spt1802.jpg
0.51215094,7.332233,happy,studio-portrait-of-a-smiling-young-latin-woman.jpg
0.22781365,7.3679633,happy,studio-portrait-of-attractive-young-girl-over-pink-wall.jpg
0.19005953,9.749304,happy,studio-portrait-of-cute-african-boy-laughing.jpg
0.1333585,7.6487837,happy,studio-shot-of-young-woman.jpg
0.3489474,7.4585366,happy,success-gave-me-this-smile.jpg
0.34191772,5.9900417,happy,successful-mature-man-smiling-looking-away.jpg
4.4224606,10.680225,happy,taking-in-the-beautiful-day.jpg
-0.047308847,7.4134345,happy,the-healthier-i-am-the-happier-i-feel.jpg
0.620229,10.929218,happy,thinking-face-and-profile-of-woman-by-window-motivation-and-future-goals.jpg
0.75670105,7.052142,happy,this-is-the-age-i-feel-my-most-happy.jpg
2.0201273,12.627148,happy,toddler-enjoying-ice-cream.jpg
-0.078756906,6.214953,happy,tongue-out-comic-and-closeup-of-black-woman-on-a-yellow-background-for-happiness-or-crazy.jpg
0.76665473,6.993205,happy,university-student-portrait.jpg
0.45984617,6.409333,happy,urban-mature-blond-woman.jpg
-0.68244797,5.978771,happy,ving-girl-new-york-break-explore-journey-with-happiness-mockup_590464-132852.jpg
2.71214,10.668495,happy,vJRlE4-happy-business-men.png
0.6087854,7.3889427,happy,woman-applying-make-up-with-brush-and-recording-vlog.jpg
0.13254963,7.514726,happy,woman-happy-african-american-smiling-laughing_credit-shutterstock.jpg
0.6284346,6.647519,happy,woman-using-moisturising-cream.jpg
0.9149395,6.8287816,happy,woman-wearing-black-hat-at-beach.jpg
0.47970557,6.0562415,happy,y-face-human-expressions-emotions-model-beautiful-smile-funny-hair-154438714.jpg
0.45971623,6.004264,happy,y-young-man-something-isolated-white-background-positive-human-face-51973263.jpg
0.61733234,7.655442,happy,young-at-heart.jpg
2.3083389,9.667641,happy,young-beautiful-sexy-smiling-stylish-woman-isolated-white-pink-knitted-jacket_158538-1827.jpg
-0.60571873,6.155379,happy,young-beautiful-woman-wearing-green-shirt-and-glasses-over-yelllow-isolated-background.jpg
0.2934565,10.264294,happy,young-businesswoman-with-eyeglasses-in-office.jpg
0.49314067,7.809415,happy,young-female-medical-professional-talking-with-colleague-in-clinic.jpg
-0.7612196,6.333993,happy,young-girl-smile-watching-using-phone-laptop-headphones_741371-21.jpg
-0.40747955,6.235415,happy,young-japanese-woman-looking-confident.jpg
0.62179667,6.290743,happy,young-man-in-his-20s-with-great-smile.jpg
0.6272737,6.1731215,happy,young-man-in-the-public-park.jpg
0.91655964,10.714607,happy,young-man-laughing-at-a-text-message.jpg
-0.20468976,5.657806,happy,young-man-talking-on-a-video-call-and-looking-at-the-camera.jpg
0.91015434,7.299457,happy,young-mexican-woman-portrait.jpg
0.15521955,10.658453,happy,young-woman-applying-sunscreen-at-the-beach.jpg
2.117554,9.201723,happy,young-woman-beauty-portrait.jpg
0.7135763,7.694982,happy,young-woman-face-portrait-beauty-model-touching-cheekbones-women-facial-skin-care-and.jpg
1.0496095,7.2108545,happy,young-woman-in-bathrobe-looking-in-the-mirror-holding-bottle-with-moisturizer-cream-and.jpg
0.6982056,8.683313,happy,young-woman-looking-away-contemplating-her-new-years-resolutions.jpg
3.0633125,10.555396,happy,young-woman-portrait.jpg
0.5725118,10.421921,happy,young-woman-wearing-spectacles.jpg
3.7028434,8.756556,happy,young-woman-with-dark-hair-winks-and-wide-open-her-mouth-shooting-selfie-on-the-front-camera.jpg
0.2531178,7.0817137,pain,10-types-of-pain-722x406.jpg
3.6980395,10.666828,pain,21.jpg
6.192108,9.170707,pain,613f334415655a7bd3f7866f_What-Causes-uper-left-back-pain.jpg
-0.81970274,6.436116,pain,a-distraught-senior-asian-woman-feeling-unwell-suffering-from-pain-in-leg-while-sitting-on.jpg
0.4598506,10.167853,pain,a-dramatic-dark-closeup-portrait-of-a-young-woman.jpg
0.061554637,6.1779857,pain,a-young-girl-is-sitting-on-the-couch-at-home-with-her-head-in-her-hands.jpg
5.962155,9.123183,pain,afro-american-man-with-pain-in-gums.jpg
0.10365525,11.048343,pain,axial-pain-close-up-photo-of-a-hurting-woman-who-is-sitting-on-a-couch-and-holding-her-lower.jpg
5.3091083,11.208328,pain,back-pain-man-ThinkstockPhotos-511484476-square.jpg
-0.58752984,5.881662,pain,businesswoman-with-headache.jpg
5.709827,9.408839,pain,close-up-portrait-of-a-crying-woman-with-bruised-skin-and-black-eyes.jpg
0.9000951,10.954419,pain,dc1wpmg47uzjkuf6s4.jpg
3.0567229,11.444954,pain,dc2rq2x20htjbfwo5h.jpg
4.8003917,11.141928,pain,dcfe53c2qegcwzixxo.jpg
3.6105628,10.8633585,pain,dcjqh15lunvxk3jur0.jpg
2.8953476,6.4980755,pain,dczvc71zjwa8m2cv6z.jpg
6.363264,9.0492115,pain,dd27ta97t63sjxfner.jpg
5.1138716,11.311494,pain,ddz3ud58lk3b7ise17.jpg
1.3941233,8.501508,pain,dealing-with-a-bit-of-tension.jpg
3.1428924,6.7642994,pain,dhwrquyvad1bnnwyr4.jpg
3.7686758,10.848545,pain,dkcdoniucgma3ljau4.jpg
3.8891633,6.6989226,pain,dmwz2dsmqn1wx6757w.jpg
3.6830184,10.186957,pain,dnz8r16rduh2vxoigq.jpg
0.08107264,10.568221,pain,dos3optnd365otvthb.jpg
0.4677482,10.711331,pain,dplh2mypbk4tbtbh6i.jpg
0.5738855,10.978623,pain,drc4o22vooziv1yx01.jpg
2.4170613,10.426054,pain,drzbqqu4xwzi7shbiw.jpg
0.17838503,10.3167925,pain,dsoxvx1zeyio30cqq1.jpg
4.542418,9.6681795,pain,dsrsw51o0iv6nwvkkv.jpg
6.210184,9.087563,pain,dvmlvl8e3pbk54nvw5.jpg
3.7588856,10.584253,pain,dwcjwy6sknbte7kzvl.jpg
0.24272344,10.548073,pain,dx5vhcsqs3symylim6.jpg
4.805381,9.557145,pain,dxp1qy3havhdoj14j6.jpg
3.5628922,6.5791016,pain,dycpwd20tv6fj10wqr.jpg
4.884503,11.382754,pain,dyw69dfugp42oekh3p.jpg
4.8516965,11.061904,pain,dzgd47s8gphnvix1et.jpg
0.990049,9.940054,pain,dzhob8z0se8dzyrqbe.jpg
-0.01222339,6.32248,pain,e0qq1z3hl4ncdgk8q2.jpg
0.07789292,10.004121,pain,e6bbhcl48oa8d1jev0.jpg
-0.357147,5.933932,pain,female-entrepreneur-with-headache-sitting-at-desk.jpg
0.15968597,6.670595,pain,frustrated-female-computer-programmer-with-head-in-hands-sitting-in-creative-office.jpg
3.203445,10.420236,pain,gettyimages-1019899766-612x612.jpg
4.6519938,11.4706,pain,gettyimages-1055486958-612x612.jpg
3.0749505,10.654043,pain,gettyimages-1055498222-612x612.jpg
3.907761,10.691204,pain,gettyimages-1069726784-612x612.jpg
0.8880114,10.470008,pain,gettyimages-1083067844-612x612.jpg
5.8213844,9.189388,pain,gettyimages-1149197837-612x612.jpg
0.018344807,11.1040125,pain,gettyimages-1166803768-612x612.jpg
2.7789648,10.897175,pain,gettyimages-1169153593-612x612.jpg
3.5414119,7.214501,pain,gettyimages-1185122144-612x612.jpg
-0.08413487,6.40019,pain,gettyimages-1192546084-612x612.jpg
2.8942199,10.840223,pain,gettyimages-1199486680-612x612.jpg
0.37584245,10.212834,pain,gettyimages-1276613818-612x612.jpg
6.4090643,9.050528,pain,gettyimages-1296443449-612x612.jpg
1.0036712,10.497338,pain,gettyimages-1309562777-612x612.jpg
0.89492226,10.772533,pain,gettyimages-1310179682-612x612.jpg
2.5382502,10.949058,pain,gettyimages-1311280168-612x612.jpg
0.6818065,10.270494,pain,gettyimages-1352996897-612x612.jpg
3.8995183,9.910901,pain,gettyimages-1354565598-612x612.jpg
5.5943832,9.460628,pain,gettyimages-1385393478-612x612.jpg
5.02832,11.664268,pain,gettyimages-1466041961-612x612.jpg
0.9683977,10.326367,pain,gettyimages-88689522-612x612.jpg
3.4196985,9.473905,pain,gettyimages-899449982-612x612.jpg
2.9289522,10.8097725,pain,i-think-i-hurt-my-shoulder-back-there.jpg
5.239814,11.393108,pain,i-wonder-if-the-doctor-does-house-calls.jpg
4.2684193,11.395036,pain,mature-woman-with-headache-at-home.jpg
3.8159587,7.2813644,pain,mid-adult-man-with-expression-feelings-on-his-face-studio-shot-series-in-pain-eyes-closed.jpg
0.8525127,10.817249,pain,neck-pain-right-side.jpg
3.5381844,10.923656,pain,Pain_share.jpg
6.3636003,8.857304,pain,Period-pain.jpg
5.943752,9.178495,pain,pexels-photo-1930523 (1).jpeg
0.63115954,10.43358,pain,pexels-photo-3084762.jpeg
-0.4357976,6.3346987,pain,pexels-photo-3214210.jpeg
5.186944,11.127577,pain,pexels-photo-3752834 (1).jpeg
4.7901115,11.160843,pain,pexels-photo-3760043.jpeg
1.1173115,10.773859,pain,pexels-photo-3771115 (1).jpeg
4.285084,11.688907,pain,pexels-photo-3778964.jpeg
6.1273246,8.772527,pain,pexels-photo-3807730.jpeg
6.382096,8.866621,pain,pexels-photo-3807733 (1).jpeg
5.2729344,11.354408,pain,pexels-photo-3808016.jpeg
6.1210995,8.77978,pain,pexels-photo-3808804.jpeg
2.881603,8.259748,pain,pexels-photo-3812745.jpeg
5.097395,10.818103,pain,pexels-photo-3812757.jpeg
2.708267,11.075405,pain,pexels-photo-3974785.jpeg
1.948241,12.683457,pain,pexels-photo-4064177.jpeg
3.1560533,11.216702,pain,pexels-photo-4584284.jpeg
3.434079,6.893255,pain,pexels-photo-6975383.jpeg
3.3302982,6.6764374,pain,pexels-photo-763219.jpeg
5.1124215,11.175822,pain,pexels-photo-897817.jpeg
3.570813,10.435036,pain,photo-1585917138424-61cf3ee524d9.jpg
1.3773944,10.90822,pain,pic1.jpeg
0.34396794,10.331065,pain,pic106.jpg
-0.8084756,5.7551394,pain,pic180.jpg
5.0486355,11.451855,pain,pic199.jpg
6.225445,9.038092,pain,pic2.jpeg
6.0128098,9.159227,pain,pic201.jpg
4.581518,11.0963545,pain,pic204.jpg
3.5099568,10.735031,pain,pic206.jpg
3.5217745,10.73033,pain,pic207.jpg
3.822315,6.7873836,pain,pic208.jpg
2.8869853,11.199374,pain,pic21.jpg
4.673996,11.569358,pain,pic22.jpg
3.6364694,6.375741,pain,pic25.jpg
-0.70728225,6.4693465,pain,pic26.jpg
0.007073981,5.670925,pain,pic27.jpg
0.30964598,11.162576,pain,pic28.jpg
3.4398425,7.1614227,pain,pic29.jpg
2.1393678,10.868585,pain,pic3.jpeg
5.094145,9.482873,pain,pic32.jpg
3.1435614,11.697697,pain,pic37.jpg
0.049854755,10.823741,pain,pic38.jpg
5.6487,9.195241,pain,pic39.jpg
3.692269,11.337862,pain,pic4.jpeg
4.9002566,9.878459,pain,pic44.jpg
2.0860019,10.973739,pain,pic48.jpg
0.31234372,5.862301,pain,pic49.jpg
2.9756837,11.168115,pain,pic5.jpeg
2.7608929,10.522868,pain,pic52.jpg
3.8490345,9.756801,pain,pic53.jpg
1.6903697,10.79666,pain,pic54.jpg
-0.30148676,6.2133904,pain,pic55.jpg
1.7821546,10.621227,pain,pic58.jpg
1.0777829,8.565669,pain,pic59.jpg
1.0546643,8.57513,pain,pic6.jpeg
0.37537184,11.003627,pain,pic80.jpg
4.6283274,11.211747,pain,pic81.jpg
4.9960494,10.87855,pain,pic9.jpeg
4.079045,10.849222,pain,portrait-of-a-young-japanese-with-closed-eyes.jpg
-0.23540404,5.7388654,pain,portrait-of-real-chinese-adult-man-with-extreme-expression-and-eyes-closed.jpg
1.3269681,10.30494,pain,real-young-woman-with-pain-expression.jpg
2.3540611,12.526555,pain,sad-and-depressed-woman-sitting-on-sofa-at-home.jpg
4.660199,11.711209,pain,scared-teenager-boy-mess-head-hands-covering-ears-eyes-closed-feeling-pain-headache-emotional-stress-anxiety-mental-scared-160529633.jpg
5.1018176,11.462036,pain,senior-asian-man-with-eyes-closed-holding-his-chest-in-discomfort-suffering-from-chest-pain.jpg
0.0062489826,11.190448,pain,senior-woman-with-headache-sitting-in-the-bed-at-home.jpg
5.5162506,8.796531,pain,she-has-one-too-many-deadlines-to-deal-with.jpg
-0.4800067,6.097197,pain,sleeping-with-next-pain-1200x630.jpg
-0.5844409,6.156819,pain,The_science_of_pain.jpg
5.2262483,11.232732,pain,this-does-not-feel-normal.jpg
4.0124874,8.775743,pain,woman-closes-hear-ears-with-hands-due-to-noise-or-ache-in-the-ear-or-head-frowning-from-the.jpg
4.8783073,9.294835,pain,woman-holding-face-in-hands-eyes-closed.jpg
4.8329134,11.338898,pain,woman-with-high-fever-at-home.jpg
-0.6646566,5.923742,pain,worried-mature-man-standing-at-home-close-to-a-window-with-hand-in-the-head.jpg
0.04944072,6.021825,pain,young-black-man-having-pain.jpg
5.059167,9.21146,pain,young-blonde-woman-over-isolated-background-touching-mouth-with-hand-with-painful-expression.jpg
0.35820773,10.25335,sad,00a79a525f8a099aa66bc032c5c285a44.jpg
2.4750743,11.033517,sad,057c423ea6de0355346d76dde73303b03.jpg
4.96738,10.838172,sad,0a7c3c23f76218f763d6794e4db7eebc2.jpg
6.081638,9.39691,sad,199d7127a3dc17bd31ddda1e70b655352.jpg
0.32583568,9.634294,sad,2d808f8478c2eb1c63605e3ffd961f5d2.jpg
5.8010654,9.547477,sad,30aa2bdf92bc3001bfe3750ccad350492.jpg
2.3444488,9.493224,sad,4b159ac2c148da44973f375b06304604.jpg
6.004085,9.43268,sad,4ca85a8078ecffeb4e8258f3635451a2.jpg
-0.16591372,6.493796,sad,4k-close-up-of-depressed-young-beautiful-asian-woman-sitting-alone-in-cafe-and-crying.jpg
2.6351197,9.226151,sad,521977cb1cd849bed54b8a4a08e6d5274.jpg
0.93656826,9.523894,sad,56bf60d2a383eaea3e04c0d30252992e.jpg
4.390087,10.090059,sad,597159a536aec965e578ad1334b97965.jpg
2.9333618,6.888976,sad,61640415e8737f824c517057e3fba8964.jpg
2.0613477,10.546648,sad,6dfbb2c1044e9e4e41f888827a2c8e41.jpg
2.704439,8.788806,sad,744d620d12b1e4cb96f80a20749a58c8.jpg
2.0452178,12.745632,sad,80e4e9c442fbca74b46e0a488364080a.jpg
0.6281144,9.856042,sad,825cd85e3153c216b803c85abe580fed.jpg
6.054081,9.0159445,sad,88b7f08dda66d90bff09b31195869d73.jpg
4.7541385,9.905277,sad,93fba7336de5490ba5be012b5adff3a4.jpg
5.3667445,10.866293,sad,96771ce8085ff2cdb888b0e70b385fa6.jpg
0.016254958,10.263822,sad,a-blind-young-child-is-wearing-black-glasses.jpg
3.5583804,9.478568,sad,a-man-portrait-of-interesting-facial-expression.jpg
2.4141598,10.807822,sad,a-mature-man-with-a-toothache.jpg
2.9862099,8.967099,sad,a-middle-aged-women-who-is-concerned.jpg
5.4643316,10.999196,sad,a-portrait-of-a-poor-child-from-india.jpg
3.7242315,9.543141,sad,a-portrait-of-a-sad-depressed-woman-black-and-white.jpg
0.04404637,9.955827,sad,a-portrait-of-an-african-girl-with-a-sad-expression.jpg
0.838225,9.196205,sad,a-refugee-homeless-child-standing-in-a-dark-room-with-sad-expression.jpg
5.7892947,8.852204,sad,a-sad-afraid-woman-hiding-in-a-dark-closet-alone-at-home.jpg
1.939122,12.725528,sad,a-stressed-out-woman-having-problems-depression.jpg
6.082787,8.913567,sad,a-tear-running-down-a-young-beautiful-woman-face-macro.jpg
2.8761714,11.034007,sad,a-very-upset-woman-touching-her-hair.jpg
3.4723017,6.690389,sad,a-young-asian-woman-is-relaxing-on-the-bed.jpg
5.34554,10.871599,sad,a-young-boy-in-a-red-shirt-is-bored-and-tired.jpg
1.2541146,10.16847,sad,a4f25011c5f087aab3be44a6e63b74075.jpg
0.0012984563,6.474229,sad,acne-prone-skin-concept-sad-lady-looking-at-mirror-and-checking-her-face-skin-standing-in.jpg
2.8524005,10.416704,sad,adult-hispanic-man-over-isolated-background-depressed-and-worry-for-distress-crying-angry-and.jpg
2.0219393,12.681876,sad,african-american-black-male-college-student-stressed-and-overwhelmed-studying-in-front-of.jpg
2.498967,10.825499,sad,african-woman-sitting-at-home-hands-on-face.jpg
5.4338684,9.500845,sad,african-woman-sitting-on-couch-feels-unhappy-having-problems.jpg
5.9622855,9.080243,sad,afro-american-man-with-pain-in-gums.jpg
0.25910962,9.15426,sad,an-african-american-girl-in-her-mid-teens-stares-directly-at-the-camera-while-sitting-on-her.jpg
4.982794,8.888457,sad,an-asian-chinese-mid-adult-man-looking-outside-of-window-from-his-home-during-sunset-with.jpg
3.3588934,10.570586,sad,an-old-man-covering-his-face-with-his-hands-in-grief.jpg
5.5697465,9.275593,sad,and-then-there-was-just-one.jpg
3.0947464,9.723942,sad,angry-little-girl.jpg
3.0077417,9.682097,sad,angry-young-woman-throwing-a-temper-tantrum.jpg
6.153953,8.701825,sad,anxiety-depressed-lonely-melancholic-woman-with-crying-eyes-sitting-in-thoughts-alone-at-home.jpg
2.8872004,10.606492,sad,are-you-happy-with-the-life-youve-lived.jpg
3.0045347,11.25391,sad,asian-beautiful-women-feeling-confused-and-headache-in-blue-color-background-concept-of-hard.jpg
0.58234364,11.036483,sad,asian-chinese-mid-adult-man-looking-outside-of-window-from-his-home-during-sunset-with.jpg
1.9713533,12.757824,sad,asian-little-kid-covering-her-face-with-hands-showing-sad-expression.jpg
4.0972066,11.072916,sad,asian-man-screaming.jpg
5.2786407,11.56383,sad,asian-man-showing-sad-expression-while-holding-money-from-inside-his-car.jpg
0.51864403,10.665658,sad,asian-man-with-spectacles-in-perplexed-expression.jpg
0.19599968,10.650428,sad,asian-woman-having-problem-with-sunburn-on-face-checking-her-redness-skin-on-a-mirror.jpg
1.1549767,10.456713,sad,asian-young-adult-hipster.jpg
2.0614665,9.200711,sad,atopic-skin-concept-worried-young-woman-looking-at-mirror-and-touching-face.jpg
-0.020316495,9.891991,sad,attitude-of-child.jpg
1.7834735,11.773734,sad,awkward-caucasian-woman-feeling-embarrassed-confused-nervous-before-exam.jpg
4.743517,10.625256,sad,b746d80191e3e75971e02d2214a2499d3.jpg
0.032966726,10.585594,sad,baby-crying-at-lunch-time.jpg
3.3257122,10.873976,sad,baby-crying.jpg
5.233935,8.855017,sad,baby-grimace.jpg
2.52984,10.275504,sad,bad-days-come-and-go.jpg
3.263131,10.804232,sad,bearded-construction-worker-wearing-hardhat.jpg
3.8572474,9.93272,sad,bearded-young-man.jpg
3.1412215,11.31982,sad,beaten-traumatized-man-in-black-t-shirt-with-bruises-and-abrasions-on-his-face-isolated-over.jpg
0.42302063,9.193177,sad,beautiful-and-sad-young-woman-looking-at-camera.jpg
2.3912075,10.427135,sad,beautiful-blue-eyed-brunette-standing-by-textured-wall-looks-sad.jpg
0.29950762,9.971549,sad,beautiful-emotional-woman.jpg
0.94759357,8.223923,sad,beautiful-emotional-woman2.jpg
4.0703206,10.257515,sad,beautiful-man-looking-suprised-and-bewildered-isolated-on-blue.jpg
0.15145537,10.514421,sad,beautiful-middle-age-woman-over-isolated-background-with-serious-expression-on-face-simple.jpg
0.16546944,10.833533,sad,beautiful-teenage-girl-sitting-on-the-floor-crying-family-problems-sexual-dysfunction.jpg
5.170422,8.997657,sad,beautiful-woman-with-long-blonde-hair-looks-unhappy-as-she-sits-at-her-computer-in-an-office.jpg
2.543917,9.84517,sad,beautiful-young-woman-looking-herself-in-the-mirror.jpg
5.200801,10.823947,sad,black-and-white-shot-of-beautiful-girl.jpg
3.6634035,11.192845,sad,brazilian-man-on-the-street.jpg
0.46359253,10.485572,sad,brunette-woman-suffering-from-the-heat-wiping-herself-off-with-a-paper-napkin.jpg
0.076978855,10.83833,sad,bugged-young-man-in-city-street-at-night-night-out-portrait.jpg
2.9483557,10.377375,sad,burnout-working-age-mental-health.jpg
1.1066098,10.95178,sad,businesswoman-feeling-stressed-in-office.jpg
-0.7600115,6.0081944,sad,caucasian-mature-woman-frustrating-while-sit-alone-on-bed-in-bedroom-attractive-old-female.jpg
2.0044074,8.915273,sad,caucasian-woman-looks-at-herself-in-the-mirror-and-is-upset-because-of-facial-wrinkles-on-her.jpg
1.3174314,9.556611,sad,cb1d46ca3ff9677a31995fde0593e8082.jpg
0.6950915,10.019333,sad,cd67d76642f7fc711ee4ff0310642939.jpg
3.45138,6.6713586,sad,child-boy-crying-looking-at-the-camera.jpg
2.7224767,9.908612,sad,child-with-tears-young-girl-crying-sadness.jpg
4.7137012,10.4571495,sad,children-kid-screaming-expression-on-white.jpg
4.10824,10.000245,sad,chinese-child-with-sad-expression.jpg
2.827076,9.1650505,sad,close-up-face-of-beautiful-woman.jpg
-0.1957552,6.750208,sad,close-up-frustrated-child-boy-looking-away-sitting-in-a-shopping-cart.jpg
1.0983621,10.827712,sad,close-up-low-angle-view-of-sad-mature-adult-male-remembering-past-life-or-youthfulness.jpg
0.19870609,9.382589,sad,close-up-melancholy-young-adult-woman.jpg
3.374119,9.393056,sad,close-up-of-a-lonely-retired-man.jpg
3.732277,10.759412,sad,close-up-of-a-senior-man-with-a-tired-look-in-his-eyes.jpg
6.064055,9.213185,sad,close-up-of-a-woman-crying-tears-streaming-down-her-face-concept-to-stop-violence-against.jpg
0.41648287,9.943661,sad,close-up-of-innocent-african-girl-with-sad-expression.jpg
5.307347,11.507462,sad,close-up-of-pensive-black-woman-thinking-having-life-troubles.jpg
4.1649623,11.549972,sad,close-up-of-senior-man-looking-serious.jpg
5.726287,9.244201,sad,close-up-of-teenager-with-depression-and-bulimia-standing-alone-in-grey-room-mental-problems.jpg
0.45732957,9.793593,sad,close-up-of-the-face-of-a-strong-asian-female-looking-at-camera-and-smiling-proud-woman.jpg
3.3008587,9.193298,sad,close-up-of-upset-sad-young-black-woman.jpg
0.09185934,10.10907,sad,close-up-of-worried-woman-looking-away.jpg
4.918181,10.413347,sad,close-up-of-young-attractive-frustrated-latin-woman-in-stress-with-furious-face-looking-mad.jpg
2.8273156,9.496904,sad,close-up-photo-beautiful-she-her-lady-red-lipstick-hold-breath-full-mouth-air-ignore-not.jpg
2.8985627,8.879947,sad,close-up-photo-worried-senior-woman-mother-sitting-on-sofa-at-home-and-holding-phone-worries.jpg
0.72768825,9.95273,sad,close-up-picture-of-a-man-with-a-beard.jpg
5.65076,9.383775,sad,close-up-portrait-of-a-crying-woman-with-bruised-skin-and-black-eyes.jpg
0.090823166,10.077681,sad,close-up-portrait-of-a-sad-elderly-african-american-woman-looking-at-the-camera.jpg
0.6028701,10.471636,sad,close-up-portrait-of-a-young-hipster-man-with-unhappy-expression-posing-being-upset-to-hear.jpg
1.6231418,8.982162,sad,close-up-portrait-of-blonde-caucasian-young-woman-looking-serious-at-camera-pretty-teenage.jpg
0.7558097,9.1676655,sad,close-up-portrait-of-caucasian-sad-little-girl.jpg
0.5869842,10.234381,sad,close-up-portrait-of-crying-little-toddler-girl-with-outdoors-background-child.jpg
2.5382068,9.386864,sad,close-up-portrait-of-crying-young-woman.jpg
2.2808897,10.616735,sad,close-up-portrait-of-serious-african-american-woman-with-braids-looking-pensive-at-camera.jpg
0.15715477,10.514773,sad,close-up-portrait-of-serious-joyless-female.jpg
2.7680085,7.6988196,sad,close-up-shot-of-a-portrait-of-a-mid-adult-woman-crying-while-looking-at-camera-woman-in-pain.jpg
1.8016804,7.96044,sad,close-up-worried-middle-aged-woman-deep-in-sad-thoughts.jpg
0.45939618,10.103637,sad,closeup-face-frightened-girl-in-dark-hall-schoolgirl-standing-school-corridor.jpg
3.609524,9.680289,sad,closeup-of-a-sad-senior-woman-thinking-lonely-widowed-lady-looking-unhappy-and-emotional.jpg
6.2076335,9.126095,sad,concerned-mature-man.jpg
1.1174929,10.310009,sad,concerned-mature-woman-looking-through-a-window.jpg
2.7127223,9.332749,sad,concerned-pensive-mature-woman-looking-away-and-looking-around.jpg
-0.69840086,6.092183,sad,concerned-senior-man.jpg
3.0507374,9.684527,sad,concerned-serious-mature-woman.jpg
0.19258425,9.727204,sad,confident-man-in-red-hoodie.jpg
5.501356,9.07198,sad,consoling-her-depressed-boyfriend.jpg
1.0778224,10.576239,sad,crying-baby-sitting-on-the-ground.jpg
0.68702286,10.020855,sad,crying-boy.jpg
2.5888128,11.068568,sad,crying-girl.jpg
3.3840687,10.95168,sad,crying-is-how-your-body-explains-the-pain-you-feel.jpg
3.3656104,11.758222,sad,crying-man-portrait.jpg
0.0052342247,11.065923,sad,crying-old-woman-dries-her-eyes-with-hand.jpg
1.6915598,10.653181,sad,crying-woman-loneliness-in-the-wild.jpg
1.6492708,11.0355,sad,crying-woman.jpg
-0.6483258,5.8566313,sad,cute-asian-baby-girl-closing-her-face-and-playing-peekaboo-or-hide-and-seek.jpg
4.239046,9.46595,sad,cute-little-crying-toddler-reaching-for-camera.jpg
1.4074148,7.618608,sad,d2d5cb4e2792daba9680d721e737f0ef4.jpg
5.832507,9.529882,sad,dc15452857038e9716e05cdb701e457f.jpg
2.317004,10.237651,sad,dea429e76ef19736c8cec8318c526e0a.jpg
5.503676,8.986177,sad,depressed-beautiful-girl-cry.jpg
6.202625,8.994062,sad,depressed-elderly-man-alone-in-the-dark.jpg
0.45229822,8.937925,sad,depressed-hispanic-girl-with-sad-emotions-and-feelings.jpg
0.734865,10.906314,sad,depressed-lonely-senior-woman-covered-her-face-with-both-hands.jpg
5.63485,8.688397,sad,depressed-man-praying-crying.jpg
6.1020265,9.490725,sad,depressed-woman-by-the-window.jpg
1.7222105,10.365687,sad,depressed-woman-eats-cake.jpg
0.72851723,9.315823,sad,depressed-woman-stretching-her-face-in-black-and-white.jpg
2.7359786,8.625356,sad,depressed-young-woman-in-a-outdoors-the-girl-is-crying-woman-without-make-up.jpg
3.5602994,10.095415,sad,depressed-young-woman.jpg
-0.0067288466,10.737461,sad,depression-lonely-and-thinking-senior-woman-in-a-nursing-home-with-mental-health-problem-idea.jpg
3.4701107,10.671874,sad,depression-sad-and-senior-woman-by-window-looking-upset-lonely-and-unhappy-in-retirement-home.jpg
2.8517132,9.053364,sad,disappointed-young-african-american-woman-holding-smartphone-and-watching-at-the-phone-screen.jpg
3.309469,10.478434,sad,discontent-biracial-lady-gesturing-face-palm-on-camera-against-yellow-background.jpg
2.7347436,10.983479,sad,doctor-covering-his-face-with-hands-while-colleague-comforting-him-in-hospital.jpg
3.458506,10.985633,sad,e21mn5q3qdfpnalcek.jpg
3.7107306,10.319742,sad,e36aeimcqvo9pm2km1.jpg
5.475929,11.109072,sad,e77f4zxn0r6wvqbg6w.jpg
1.519291,8.15322,sad,ea0yyaa78k8j3yvjb3.jpg
6.270921,8.686505,sad,ea4g15cexenqz583hl.jpg
5.7784486,8.974802,sad,ebl9wnuikzasspk1gx.jpg
2.0729322,10.020792,sad,ed1s0f0ggre8uf1zl0.jpg
2.5500076,11.890828,sad,edknfl4d7l58nt06sm.jpg
3.9093642,10.850921,sad,edljzuhqosgdydkmeu.jpg
2.267027,10.255722,sad,ee3ycqaetu7oi2ocfm.jpg
5.1025577,10.954473,sad,ee6uw8sslv124sssgu.jpg
5.3969417,8.850271,sad,eeaeqd7r7jbyb57mfd.jpg
2.4191673,10.688232,sad,efazjbxquvu5z89euq.jpg
0.1833058,9.90902,sad,eg7hz8x28f71u9f6jf.jpg
1.5542501,7.9476604,sad,egmcseixunts7or4pp.jpg
2.400823,11.018192,sad,egnw6lbc92pja8wkok.jpg
2.0567534,12.802989,sad,eguo51wlqklizivon4.jpg
3.1672304,10.078064,sad,eh6fo5xazcnas1fxvw.jpg
2.8611171,10.186251,sad,eho28x5dr3ufzwqttt.jpg
0.8284023,9.260449,sad,ehxkf6tbaioe933rzs.jpg
3.6281483,8.813314,sad,eib1tkawb8o0fnixe5.jpg
4.41124,10.573641,sad,eibhnbl82t00r46ufk.jpg
4.978556,10.627217,sad,eicizjamovv03k3xcj.jpg
5.8104286,9.217871,sad,eid7047n4yxq75eqlx.jpg
2.382485,12.385642,sad,ejg01p8jo4cvofip7t.jpg
5.8782105,9.195007,sad,eji8kqj204bif0h313.jpg
5.106092,11.643772,sad,ejj2ox6poue4sylhv1.jpg
3.5833154,6.757541,sad,ejobu0tpihrjoe859u.jpg
5.329917,11.234371,sad,eo03x1z3s7k3ltcivs.jpg
3.154822,10.316516,sad,eo7doie87y0one22cw.jpg
3.519781,7.003073,sad,es1e330nznobcurs4z.jpg
5.305079,8.674773,sad,es1szlkoa1bc6u318b.jpg
3.26188,10.412242,sad,ew7m8bfr7dwtrcztca.jpg
2.652323,10.32561,sad,ezlocfvam39qkcjnce.jpg
0.81851614,10.935624,sad,ezudenkdouc419xarc.jpg
1.8982464,12.626849,sad,feeling-down.jpg
5.1022606,9.372851,sad,happy-elder-watching-sunset.jpg
1.7707016,7.8281217,sad,have-i-been-shut-out-by-the-outside-world.jpg
2.9756536,10.869298,sad,indoor-close-up-portrait-of-beauty-asian-indian-serene-young-woman-sitting-near-the-window.jpg
-0.8475464,6.1204658,sad,little-girl-facial-expressions.jpg
1.7413237,9.352645,sad,low-key-portrait-of-red-haired-woman-with-freckles.jpg
0.1859857,10.510321,sad,middle-aged-woman-relaxed-outdoors-copy-space-slow-life-enjoying-the-little-things-spends.jpg
3.7457414,7.0522075,sad,monochrome-portrait-of-a-poor-teenager-girl-looking-up.jpg
0.7837502,9.0270405,sad,pexels-photo-1091659.jpeg
